1171272	Hizentra Injectable Product
142061	IgG, human subcutaneous 16 % Injectable Solution
1549688	HYQVIA 30 GM / 300 ML Kit
1549690	HYQVIA 2.5 GM / 25 ML Kit
1549692	HYQVIA 5 GM / 50 ML Kit
1549694	HYQVIA 10 GM / 100 ML Kit
1549696	HYQVIA 20 GM / 200 ML Kit
1809062	immunoglobulin G Injection [Hizentra]
1809063	Hizentra 20 % in 50 ML Injection
1809065	Hizentra 20 % Injection
1809067	Hizentra 20 % in 20 ML Injection
1809069	Hizentra 20 % in 10 ML Injection
1809077	Hizentra 20 % in 5 ML Injection
1809578	gamunex-C 10 % in 50 mL Injection
1809579	Gamunex-C 10 % Injection
1809580	gamunex-C 10 % in 10 mL Injection
1809581	gamunex-C 10 % in 25 mL Injection
1809582	gamunex-C 10 % in 100 mL Injection
1809583	gamunex-C 10 % in 200 mL Injection
1809584	gamunex-C 10 % in 400 mL Injection
1813407	Cuvitru
1813409	immunoglobulin G Injection [Cuvitru]
1813410	Cuvitru Injectable Product
1813414	immunoglobulin G, human 200 MG/ML [Cuvitru]
1813415	CUVITRU 20 % in 5 mL Injection
1813416	Cuvitru 200 MG/ML Injection
1813417	CUVITRU 20 % in 10 mL Injection
1813420	CUVITRU 20 % in 20 mL Injection
1813424	CUVITRU 20 % in 40 mL Injection
2117971	CUVITRU 20 % in 50 ML Injection
2167145	immune globulin subcutaneous (human) - hipp
2167146	immune globulin subcutaneous (human) - hipp 165 MG/ML
2167147	6 ML immune globulin subcutaneous (human) - hipp 165 MG/ML Injection
2167148	Cutaquig
2167149	immune globulin subcutaneous (human) - hipp 165 MG/ML [Cutaquig]
2167150	immunoglobulin G Injection [Cutaquig]
2167151	Cutaquig Injectable Product
2167152	6 ML Cutaquig 165 MG/ML Injection
2167153	immune globulin subcutaneous (human) - hipp 165 MG/ML Injection
2167154	Cutaquig 165 MG/ML Injection
2167156	12 ML immune globulin subcutaneous (human) - hipp 165 MG/ML Injection
2167157	12 ML Cutaquig 165 MG/ML Injection
2167158	10 ML immune globulin subcutaneous (human) - hipp 165 MG/ML Injection
2167159	10 ML Cutaquig 165 MG/ML Injection
2167160	20 ML immune globulin subcutaneous (human) - hipp 165 MG/ML Injection
2167161	20 ML Cutaquig 165 MG/ML Injection
2167162	24 ML immune globulin subcutaneous (human) - hipp 165 MG/ML Injection
2167163	24 ML Cutaquig 165 MG/ML Injection
2167164	48 ML immune globulin subcutaneous (human) - hipp 165 MG/ML Injection
2167165	48 ML Cutaquig 165 MG/ML Injection
2196290	immune globulin subcutaneous (human) - klhw
2196291	immune globulin subcutaneous (human) - klhw 200 MG/ML
2196292	5 ML immune globulin subcutaneous (human) - klhw 200 MG/ML Injection
2196293	Xembify
2196294	immune globulin subcutaneous (human) - klhw 200 MG/ML [Xembify]
2196295	immunoglobulin G Injection [Xembify]
2196296	Xembify Injectable Product
2196297	5 ML Xembify 200 MG/ML Injection
2196298	immune globulin subcutaneous (human) - klhw 200 MG/ML Injection
2196299	Xembify 200 MG/ML Injection
2196390	10 ML immune globulin subcutaneous (human) - klhw 200 MG/ML Injection
2196391	10 ML Xembify 200 MG/ML Injection
2196490	20 ML immune globulin subcutaneous (human) - klhw 200 MG/ML Injection
2196491	20 ML Xembify 200 MG/ML Injection
2196492	50 ML immune globulin subcutaneous (human) - klhw 200 MG/ML Injection
2196493	50 ML Xembify 200 MG/ML Injection
2268104	immunoglobulin G Prefilled Syringe [Hizentra]
2268105	Hizentra 20 % in 5 ML Prefilled Syringe
2268107	Hizentra 200 MG/ML Prefilled Syringe
2268109	Hizentra 20 % in 10 ML Prefilled Syringe
2287159	Hizentra 20 % in 20 ML Prefilled Syringe
2646532	immune globulin subcutaneous (human) - klhw Injection
2646692	immune globulin subcutaneous (human) - hipp Injection
2654223	immunoglobulin G, human Injection [Hizentra]
2655635	immune globulin subcutaneous (human) - klhw Injection [Xembify]
2656739	immunoglobulin G, human Injection [Cuvitru]
2657707	immunoglobulin G, human Prefilled Syringe [Hizentra]
2658026	immune globulin subcutaneous (human) - hipp Injection [Cutaquig]
2660365	immune globulin subcutaneous (human) - klhw Injectable Product
2662549	immune globulin subcutaneous (human) - hipp Injectable Product
2670629	Hizentra 20 % in 50 ML Prefilled Syringe
617615	immune globulin subcutaneous (human)
902750	Hizentra
902751	immunoglobulin G, human 200 MG/ML [Hizentra]
