1008080	aspirin / Methylprednisolone
105404	Methylprednisolone 50 MG/ML Injectable Solution
106991	lidocaine / Methylprednisolone
107005	Methylprednisolone / neomycin
1100385	Methylprednisolone acetate 0.01 MG/MG
1100386	Methylprednisolone Topical Gel
1100387	Methylprednisolone acetate 1 % Topical Gel
1100389	Methylprednisolone acetate 0.01 MG/MG [HybriSil]
1100390	Methylprednisolone Topical Gel [HybriSil]
1100391	Methylprednisolone acetate 0.01 MG/MG Topical Gel [HybriSil]
1153745	aspirin / Methylprednisolone Oral Product
1153746	aspirin / Methylprednisolone Pill
1163485	Methylprednisolone / neomycin Topical Product
1163486	Methylprednisolone Injectable Product
1163487	Methylprednisolone Ophthalmic Product
1163488	Methylprednisolone Oral Product
1163489	Methylprednisolone Pill
1163490	Methylprednisolone Rectal Product
1163491	Methylprednisolone Topical Product
1164046	lidocaine / Methylprednisolone Injectable Product
1165881	A-MethaPred Injectable Product
1173110	DEPO-Medrol Injectable Product
1183796	Medrol Oral Product
1183797	Medrol Pill
1184840	SOLU-Medrol Injectable Product
1357886	Methylprednisolone 2000 MG Injection
1357888	SOLU-Medrol 2 GM Injection
1358496	Methylprednisolone acetate 40 MG/ML
1358497	lidocaine / Methylprednisolone Injectable Suspension
1358498	lidocaine hydrochloride 1 % / Methylprednisolone acetate 4 % Injectable Suspension
1358499	Methylprednisolone acetate 0.0025 MG/MG
1358500	Methylprednisolone acetate 0.0025 MG/MG / neomycin 0.0035 MG/MG Topical Ointment
1358501	Neo-Medrol
1358502	Methylprednisolone acetate 0.0025 MG/MG / neomycin 0.0035 MG/MG [Neo-Medrol]
1358503	Methylprednisolone / neomycin Topical Ointment [Neo-Medrol]
1358504	Neo-Medrol Topical Product
1358505	Methylprednisolone acetate 0.0025 MG/MG / neomycin 0.0035 MG/MG Topical Ointment [Neo-Medrol]
1358506	Methylprednisolone acetate 0.25 % Topical Ointment
1358508	Methylprednisolone acetate 1 % Topical Ointment
1358509	Methylprednisolone acetate 20 MG/ML
1358510	Methylprednisolone acetate 20 MG/ML Injectable Suspension
1358511	Methylprednisolone acetate 20 MG/ML [DEPO-Medrol]
1358512	DEPO-Medrol 20 MG/ML Injectable Suspension
1358610	Methylprednisolone acetate 40 MG/ML Injectable Suspension
1358611	Methylprednisolone acetate 40 MG/ML [DEPO-Medrol]
1358612	DEPO-Medrol 40 MG/ML Injectable Suspension
1358616	Methylprednisolone acetate 80 MG/ML
1358617	Methylprednisolone acetate 80 MG/ML Injectable Suspension
1358618	Methylprednisolone acetate 80 MG/ML [DEPO-Medrol]
1358619	DEPO-Medrol 80 MG/ML Injectable Suspension
1358737	Methylprednisolone acetate 0.0025 MG/MG / neomycin 0.007 MG/MG Topical Ointment
1358743	Methylprednisolone acetate 0.005 MG/MG
1358744	Methylprednisolone acetate 0.5 % Topical Ointment
1358745	Methylprednisolone acetate 10 MG/ML
1358746	Methylprednisolone acetate 10 MG/ML / neomycin 3.5 MG/ML Topical Cream
1358747	Methylprednisolone acetate 16 MG/ML
1358748	Methylprednisolone acetate 16 MG/ML Injectable Suspension
1358749	Methylprednisolone acetate 2.5 MG/ML
1358750	Methylprednisolone acetate 2.5 MG/ML / neomycin 3.5 MG/ML Topical Cream
1358754	Methylprednisolone acetate 0.25 % Topical Cream
1358760	Methylprednisolone acetate 40 MG
1358761	Methylprednisolone acetate 40 MG Enema
1545708	Methylprednisolone acetate 40 ML
1545709	Methylprednisolone acetate 40 ML Injectable Suspension
1545711	Methylprednisolone acetate 40 ML [DEPO-Medrol]
1545712	DEPO-Medrol 40 ML Injectable Suspension
155323	Methylprednisolone acetate
1743702	Methylprednisolone 125 MG
1743703	Methylprednisolone Injection
1743704	Methylprednisolone 125 MG Injection
1743705	Methylprednisolone 125 MG [SOLU-Medrol]
1743706	Methylprednisolone Injection [SOLU-Medrol]
1743707	SOLU-Medrol 125 MG Injection
1743719	Methylprednisolone 500 MG
1743720	Methylprednisolone 500 MG Injection
1743721	Methylprednisolone 500 MG [SOLU-Medrol]
1743722	SOLU-Medrol 500 MG Injection
1743725	Methylprednisolone 1000 MG
1743726	Methylprednisolone 1000 MG Injection
1743727	Methylprednisolone 1000 MG [SOLU-Medrol]
1743729	SOLU-Medrol 1 GM Injection
1743779	1 ML Methylprednisolone acetate 40 MG/ML Injection
1743780	Methylprednisolone Injection [DEPO-Medrol]
1743781	1 ML DEPO-Medrol 40 MG/ML Injection
1743782	Methylprednisolone acetate 40 MG/ML Injection
1743783	DEPO-Medrol 40 MG/ML Injection
1743855	1 ML Methylprednisolone acetate 80 MG/ML Injection
1743856	1 ML DEPO-Medrol 80 MG/ML Injection
1743857	Methylprednisolone acetate 80 MG/ML Injection
1743858	DEPO-Medrol 80 MG/ML Injection
1744013	Methylprednisolone 2000 MG
1744015	Methylprednisolone 2000 MG [SOLU-Medrol]
1744018	Methylprednisolone 40 MG [SOLU-Medrol]
1744020	Methylprednisolone 40 MG [A-MethaPred]
1744021	Methylprednisolone Injection [A-MethaPred]
1744024	Methylprednisolone 125 MG [A-MethaPred]
197969	Methylprednisolone 2 MG Oral Tablet
197970	Methylprednisolone 24 MG Oral Tablet
197971	Methylprednisolone 32 MG Oral Tablet
197973	Methylprednisolone 8 MG Oral Tablet
199771	Methylprednisolone 100 MG Oral Tablet
202702	Medrol
203189	Methylprednisolone sodium succinate
203856	SOLU-Medrol
203857	A-MethaPred
207136	Medrol 2 MG Oral Tablet
207137	Medrol 8 MG Oral Tablet
207138	Medrol 16 MG Oral Tablet
207139	Medrol 24 MG Oral Tablet
207141	Medrol 32 MG Oral Tablet
207190	A-MethaPred 40 MG Injection
207191	SOLU-Medrol 40 MG Injection
207192	A-METHAPRED 125 MG Injection
207193	SOLU-Medrol 62.5 MG/ML Injectable Solution
22584	DEPO-Medrol
245993	ASA 300 MG / Methylprednisolone 1.5 MG Oral Tablet
246024	Methylprednisolone 1 MG/ML Ophthalmic Solution
259966	Methylprednisolone 4 MG Oral Tablet
260330	Medrol 4 MG Oral Tablet
2645554	Methylprednisolone acetate / neomycin Topical Ointment
2646189	Methylprednisolone acetate / neomycin Topical Cream
2646530	Methylprednisolone acetate Injection
2647085	Methylprednisolone acetate Injectable Suspension
2648369	Methylprednisolone acetate Topical Ointment
2648537	Methylprednisolone acetate Topical Gel
2649216	Methylprednisolone acetate Topical Cream
2649252	lidocaine hydrochloride / Methylprednisolone acetate Injectable Suspension
2649371	Methylprednisolone acetate Enema
2654547	Methylprednisolone acetate Topical Gel [HybriSil]
2655432	Methylprednisolone acetate Injection [DEPO-Medrol]
2655659	Methylprednisolone acetate / neomycin Topical Ointment [Neo-Medrol]
2656424	Methylprednisolone acetate Injectable Suspension [DEPO-Medrol]
2660311	Methylprednisolone acetate Rectal Product
2660314	lidocaine hydrochloride / Methylprednisolone acetate Injectable Product
2662482	Methylprednisolone acetate Injectable Product
2663205	Methylprednisolone acetate / neomycin Topical Product
2663618	Methylprednisolone acetate Topical Product
29917	Methylprednisolone sodium phosphate
311659	Methylprednisolone 40 MG Injection
314099	Methylprednisolone 62.5 MG/ML Injectable Solution
316285	Methylprednisolone 2 MG
316286	Methylprednisolone 24 MG
316287	Methylprednisolone 32 MG
316288	Methylprednisolone 8 MG
317426	Methylprednisolone 16 MG
317427	Methylprednisolone 4 MG
328161	Methylprednisolone 16 MG Oral Tablet
330037	Methylprednisolone 40 MG
332216	Methylprednisolone 100 MG
334064	Methylprednisolone 1.5 MG
337312	Methylprednisolone 20 MG/ML
340167	Methylprednisolone 1 MG/ML
346173	Methylprednisolone 62.5 MG/ML
360536	Methylprednisolone 50 MG/ML
362772	Methylprednisolone Injectable Solution [SOLU-Medrol]
365570	Methylprednisolone Injectable Suspension [DEPO-Medrol]
368772	Methylprednisolone Oral Tablet [Medrol]
372863	Methylprednisolone Topical Ointment
372865	Methylprednisolone Enema
372866	Methylprednisolone Injectable Suspension
372867	Methylprednisolone Ophthalmic Solution
372868	Methylprednisolone Oral Tablet
372870	aspirin / Methylprednisolone Oral Tablet
376326	Methylprednisolone / neomycin Topical Ointment
376403	Methylprednisolone / neomycin Topical Cream
376656	Methylprednisolone Injectable Solution
377758	Methylprednisolone Topical Cream
415817	Methylprednisolone 20 MG/ML Injectable Solution
415856	Methylprednisolone 5 MG/ML Injectable Solution
415857	Methylprednisolone 10 MG/ML Injectable Solution
429197	Methylprednisolone 40 MG Oral Tablet
446407	Methylprednisolone 10 MG/ML
446408	Methylprednisolone 5 MG/ML
567927	Methylprednisolone 2 MG [Medrol]
567928	Methylprednisolone 8 MG [Medrol]
567929	Methylprednisolone 16 MG [Medrol]
567930	Methylprednisolone 24 MG [Medrol]
567932	Methylprednisolone 32 MG [Medrol]
567984	Methylprednisolone 62.5 MG/ML [SOLU-Medrol]
574125	Methylprednisolone 4 MG [Medrol]
62136	Methylprednisolone aceponate
6902	Methylprednisolone
762675	{21 (Methylprednisolone 4 MG Oral Tablet) } Pack
804173	Methylprednisolone 16 MG Oral Tablet 14 Count Pak
834023	Medrol Dosepak
