code	display
102857	Prednisolone 16 MG/ML Injectable Solution [Codelsol]
1548713	Prednisolone acetate 10 MG/ML [Omnipred]
1548738	Prednisolone acetate 10 MG/ML [Ocu-Pred-A]
1549316	Prednisolone acetate 1.25 MG/ML [Econopred]
1162276	oxytetracycline / Prednisolone Topical Product
1162561	polidocanol / Prednisolone / promethazine Topical Product
451088	bismuth chloride oxide / Prednisolone / zinc oxide Rectal Suppository
451089	Prednisolone 1.1 MG
451094	Prednisolone Topical Ointment
451099	Prednisolone / propylene glycol salicylate Topical Cream
451124	idoxuridine / Prednisolone Topical Ointment
451130	oxyquinoline / Prednisolone Topical Cream
451160	Prednisolone Paste
452820	Prednisolone 10 MG
689752	phenylephrine / Prednisolone / sulfacetamide
323977	Prednisolone 40 MG/ML
205826	gentamicin 3 MG/ML / Prednisolone acetate 10 MG/ML Ophthalmic Suspension [Pred-G]
808117	Prednisolone Oral Tablet [Millipred]
392181	Prednisolone 2.5 % Ophthalmic Suspension
328813	Prednisolone 2.5 MG/ML
330164	Prednisolone 100 MG/ML
333915	Prednisolone 0.0025 MG/MG
335528	Prednisolone 0.2 MG/ML
335533	Prednisolone 0.0019 MG/MG
317474	Prednisolone 3 MG/ML
345099	Prednisolone 0.1 MG/ML
1870659	gentamicin 0.003 MG/MG / Prednisolone acetate 0.006 MG/MG [Pred-G]
377392	Prednisolone Otic Solution
542620	Prednisolone Ophthalmic Solution [Pred-Phosphate]
545252	Prednisolone / sulfacetamide Ophthalmic Ointment [Predsulfair]
547221	Prednisolone Injectable Suspension [Pricortin]
542621	Prednisolone 10 MG/ML Ophthalmic Solution [Pred-Phosphate]
1012023	Sulster (Prednisolone sodium phosphate 0.25 % / sulfacetamide sodium 10 % ) Ophthalmic Solution
363278	Prednisolone Injectable Solution [Key-Pred SP]
363815	Prednisolone Ophthalmic Solution [Ocu-Pred Forte]
363903	Prednisolone Ophthalmic Solution [Minims Prednisolone]
416363	bisdequalinium 4.8 MG/ML / Prednisolone 2.5 MG/ML Topical Cream
417397	neomycin 3 MG/ML / Prednisolone 4 MG/ML Topical Cream
417896	Prednisolone 4 MG/ML Topical Cream
418925	polidocanol 0.03 MG/MG / Prednisolone 0.004 MG/MG / promethazine 0.02 MG/MG Topical Ointment
418976	Prednisolone 0.002 MG/MG Topical Ointment
418978	Prednisolone 0.0025 MG/MG Topical Ointment
421326	dibucaine 1 MG / Prednisolone 1.1 MG Rectal Suppository
429198	Prednisolone 2 MG Oral Tablet
8638	Prednisolone
1158144	phenylephrine / Prednisolone Ophthalmic Product
1179764	Minims Prednisolone Ophthalmic Product
1183439	Orapred Pill
1184005	Pediapred Oral Liquid Product
1184934	Millipred Oral Product
1185831	Prelone Oral Liquid Product
34372	Prednisolone acetate
250862	Prednisolone 0.2 MG/ML Enema
689615	atropine / Prednisolone
260394	Prednisolone 50 MG/ML Injectable Suspension [Key-Pred]
260402	Prednisolone 50 MG/ML Injectable Suspension [Predicort-50]
260404	Prednisolone 80 MG/ML Injectable Suspension [Depo-Predate]
260405	Prednisolone 20 MG/ML Injectable Solution [Hydeltrasol]
260407	Prednisolone 20 MG/ML Injectable Solution [Predicort RP]
1012214	Vasocidin (Prednisolone sodium phosphate 0.5 % / sulfacetamide sodium 10 % ) Ophthalmic Suspension
1376336	Prednisolone acetate 1 % Ophthalmic Suspension
803309	Prednisolone 1 MG/ML [Flo-Pred]
2645363	Prednisolone sodium phosphate / sulfacetamide sodium Ophthalmic Solution
2646912	Prednisolone acetate Oral Solution
2646929	Prednisolone acetate Oral Tablet
2648304	Prednisolone / trimeprazine tartrate Oral Tablet
2654891	Prednisolone sodium phosphate / sulfacetamide sodium Ophthalmic Solution [Optimyd]
1011978	Prednisolone acetate 0.0025 MG/MG
1011980	Prednisolone acetate 0.0025 MG/MG / sulfacetamide sodium 0.1 MG/MG [Cetapred]
1011986	Prednisolone acetate 0.002 MG/MG / sulfacetamide sodium 0.1 MG/MG [Blephamide]
1012001	Prednisolone acetate 0.005 MG/MG / sulfacetamide sodium 0.1 MG/MG [AK-Cide]
1012007	Prednisolone acetate 0.005 MG/MG / sulfacetamide sodium 0.1 MG/MG [Vasocidin]
1012024	Prednisolone sodium phosphate 2.5 MG/ML / sulfacetamide sodium 100 MG/ML [Vasocidin]
1012079	Prednisolone acetate 2.5 MG/ML
1012176	Prednisolone sodium phosphate 5 MG/ML / sulfacetamide sodium 100 MG/ML [AK-Cide]
1012208	Prednisolone 3 MG/ML Oral Solution [AsmalPred Plus]
1012213	Prednisolone sodium phosphate 5 MG/ML / sulfacetamide sodium 100 MG/ML [Vasocidin]
1493170	Prednisolone 10 MG/ML Injectable Solution [Solu-Delta-Cortef]
1493171	Prednisolone 50 MG/ML Injectable Solution
312601	Prednisolone 2 MG/ML / sulfacetamide 100 MG/ML Ophthalmic Solution
312603	Prednisolone 2 MG/ML / sulfacetamide 200 MG/ML Ophthalmic Suspension
345878	Prednisolone acetate 3 MG/ML
345879	Prednisolone acetate 5 MG
351704	Prednisolone 10 MG/ML Ophthalmic Solution [Ocu-Pred Forte]
1156760	Prednisolone Topical Product
105408	Prednisolone 2.5 MG Delayed Release Oral Tablet
105411	Prednisolone 2.5 MG Oral Tablet
106025	Minims Prednisolone 5 MG/ML Ophthalmic Solution
106992	Prednisolone 0.001 % Ophthalmic Solution
106993	Prednisolone 0.003 % Ophthalmic Solution
106996	Prednisolone 0.1 % Ophthalmic Solution
106997	Prednisolone 0.3 % Ophthalmic Solution
374690	neomycin / polymyxin B / Prednisolone Ophthalmic Suspension
438433	chloramphenicol / Prednisolone Topical Ointment
249191	dibucaine 0.005 MG/MG / Prednisolone 0.0019 MG/MG Rectal Ointment
249447	Prednisolone 10 MG/ML Injectable Solution
246727	chloramphenicol 1 MG/ML / Prednisolone 5 MG/ML Ophthalmic Solution
2655490	Prednisolone acetate / sulfacetamide sodium Ophthalmic Ointment [Predsulfair]
2655713	Prednisolone acetate Ophthalmic Suspension [Omnipred]
2655885	Prednisolone sodium phosphate / sulfacetamide sodium Ophthalmic Solution [Vasocidin]
2656295	Prednisolone sodium phosphate / sulfacetamide sodium Ophthalmic Suspension [Sulster]
2656572	Prednisolone acetate Ophthalmic Suspension [Pred Forte]
2657142	Prednisolone / trimeprazine tartrate Oral Tablet [Temaril-P]
2657971	Prednisolone acetate / sulfacetamide sodium Ophthalmic Ointment [AK-Cide]
2658073	Prednisolone acetate / sulfacetamide sodium Ophthalmic Ointment [Blephamide]
2658953	Prednisolone acetate Ophthalmic Suspension [Econopred]
2659298	Prednisolone / trimeprazine tartrate Pill
2661173	atropine sulfate / Prednisolone acetate Ophthalmic Product
2661578	Prednisolone sodium phosphate / sulfacetamide sodium Ophthalmic Product
2661636	Prednisolone sodium phosphate Ophthalmic Product
755702	Prelone 3 MG/ML Oral Solution
1012017	Blephamide (Prednisolone acetate 0.2 % / sulfacetamide sodium 10 % ) Ophthalmic Suspension
1012118	Supred (Prednisolone sodium phosphate 0.25 % / sulfacetamide sodium 10 % ) Ophthalmic Suspension
1548705	Prednisolone acetate 10 MG/ML Ophthalmic Suspension [Econopred Plus]
824889	Veripred 20 Oral Solution
1007260	oxytetracycline / Prednisolone
1008245	menthol / Prednisolone / thymol
1008294	miconazole / polymyxin B / Prednisolone
1008890	dibucaine / Prednisolone
1009010	Prednisolone / salicylic acid
619280	Prednisolone / sulfacetamide Ophthalmic Suspension [Metimyd]
2645920	Prednisolone acetate / sulfacetamide sodium Ophthalmic Suspension
574182	Prednisolone 50 MG/ML [Key-Pred]
574184	Prednisolone 50 MG/ML [Pred-Ject-50]
574188	Prednisolone 50 MG/ML [Predate-50]
574191	Prednisolone 50 MG/ML [Pri-Cortin 50]
574626	Prednisolone 25 MG/ML [Cotolone]
575438	Prednisolone 5 MG [Cotolone]
563156	Prednisolone 16 MG/ML [Codelsol]
563157	Prednisolone 5 MG [Stintisone]
568390	neomycin 3.5 MG/ML / polymyxin B 10000 UNT/ML / Prednisolone 5 MG/ML [Poly Pred]
539944	Prednisolone 5 MG/ML [Prelone]
541703	Prednisolone 5 MG [Prednoral]
569628	Prednisolone 3 MG/ML [Prelone]
104171	Prednisolone 0.2 MG/ML Enema [Predenema]
572088	Prednisolone 1.25 MG/ML [AK-Pred]
572089	Prednisolone 1.25 MG/ML [Inflamase Mild]
572090	Prednisolone 10 MG/ML [AK-Pred]
572091	Prednisolone 10 MG/ML [Inflamase Forte]
365618	Prednisolone Injectable Suspension [Predate-50]
365619	Prednisolone Injectable Suspension [Predalone 50]
365620	Prednisolone Injectable Suspension [Predaject-50]
365624	Prednisolone Injectable Suspension [Key-Pred]
365840	Prednisolone / sulfacetamide Ophthalmic Suspension [AK-Cide]
367242	Prednisolone / sulfacetamide Ophthalmic Ointment [Cetapred]
371387	chloramphenicol / Prednisolone Otic Solution
373570	Prednisolone Ophthalmic Ointment
373972	Prednisolone / sulfacetamide Ophthalmic Ointment
580010	Prednisolone 1.25 MG/ML [Ocu-Pred]
1153916	clotrimazole / hexamidine / Prednisolone Topical Product
1155323	bismuth chloride oxide / Prednisolone / zinc oxide Rectal Product
1155885	dibucaine / Prednisolone Rectal Product
794979	Prednisolone 2 MG/ML Oral Solution
1165752	Prednisolone / sulfacetamide Ophthalmic Product
1165757	Prednisolone Ophthalmic Product
1165758	Prednisolone Oral Liquid Product
1169771	Flo-Pred Oral Liquid Product
211751	Prednisolone 1.25 MG/ML Ophthalmic Solution [AK-Pred]
211755	Prednisolone 10 MG/ML Ophthalmic Solution [Prednisol]
1190936	atropine sulfate 1 % / Prednisolone acetate 0.25 % Ophthalmic Suspension
647126	Prednisolone Disintegrating Oral Tablet [Orapred]
891148	miconazole / polymyxin B / Prednisolone Otic Suspension
891152	miconazole / polymyxin B / Prednisolone Otic Suspension [Surolan]
312193	phenylephrine 1.2 MG/ML / Prednisolone 5 MG/ML / sulfacetamide 100 MG/ML Ophthalmic Suspension
897058	Prednisolone / trimeprazine Oral Tablet
897061	Prednisolone 2 MG / trimeprazine tartrate 5 MG [Temaril-P]
1870655	gentamicin / Prednisolone Ophthalmic Product
102858	Prednisolone 5 MG Oral Tablet [Stintisone]
103166	Prednisolone 16 MG/ML Injectable Solution [Codelson]
103264	Prednisolone 5 MG/ML Otic Solution
312611	Prednisolone 5 MG/ML Ophthalmic Solution
1159812	menthol / Prednisolone / thymol Rectal Product
1161205	bisdequalinium / Prednisolone Topical Product
451086	Prednisolone 2 MG
451096	Prednisolone Topical Cream
451110	Prednisolone 8 MG/ML
451115	bisdequalinium / Prednisolone Topical Cream
451162	Prednisolone Topical Gel
451305	Prednisolone / rifamycins Topical Ointment
451836	fluPrednisolone 1.5 MG
604202	Prednisolone 1 MG/ML [Bubbli-Pred]
604203	Prednisolone Oral Solution [Bubbli-Pred]
323918	Prednisolone 80 MG/ML
2661773	Prednisolone acetate Injectable Product
2663537	Prednisolone acetate Pill
1012152	Optimyd (Prednisolone sodium phosphate 0.5 % / sulfacetamide sodium 10 % ) Ophthalmic Solution
328816	Prednisolone 1.25 MG/ML
333210	Prednisolone 25 MG
333913	Prednisolone 0.005 MG/MG
333914	Prednisolone 0.002 MG/MG
335262	Prednisolone 0.3 MG/ML
310468	gentamicin sulfate 0.3 % / Prednisolone acetate 0.6 % Ophthalmic Ointment
310469	gentamicin 3 MG/ML / Prednisolone acetate 10 MG/ML Ophthalmic Suspension
345097	Prednisolone 0.01 MG/ML
345098	Prednisolone 0.03 MG/ML
345131	Prednisolone 1.25 MG/ML Ophthalmic Solution
1870654	Prednisolone acetate 0.006 MG/MG
1870666	gentamicin / Prednisolone Ophthalmic Suspension
542616	Prednisolone Ophthalmic Solution [Isolone Forte]
542634	Prednisolone / sulfacetamide Ophthalmic Solution [Sulster]
542617	Prednisolone 10 MG/ML Ophthalmic Solution [Isolone Forte]
1012006	Predsulfair (Prednisolone acetate 0.5 % / sulfacetamide sodium 10 % ) Ophthalmic Ointment
363559	Prednisolone Injectable Solution [Codelsol]
363610	Prednisolone Enema [Predfoam]
363611	Prednisolone Enema [Predsol]
363767	Prednisolone Ophthalmic Solution [Inflamase Forte]
415884	Prednisolone 0.01 MG/MG Topical Gel
416576	clotrimazole 10 MG/ML / hexamidine 2.5 MG/ML / Prednisolone 5 MG/ML Topical Cream
417022	Prednisolone 0.01 MG/MG / rifamycins 0.0025 MG/MG Topical Ointment
417779	idoxuridine 0.002 MG/MG / Prednisolone 0.002 MG/MG Topical Ointment
418972	Prednisolone 0.005 MG/MG Topical Ointment
418977	Prednisolone 0.001 MG/MG Topical Ointment
418987	Prednisolone 0.004 MG/MG / ZNO 0.03 MG/MG Topical Ointment
420747	Prednisolone 2 MG/ML / salicylic acid 4 MG/ML Topical Solution
421255	menthol 10 MG / Prednisolone 1 MG / thymol 0.5 MG Rectal Suppository
1158143	phenylephrine / Prednisolone / sulfacetamide Ophthalmic Product
1158306	dexpanthenol / Prednisolone / salicylic acid Topical Product
1156284	idoxuridine / Prednisolone Topical Product
1156757	Prednisolone Paste Product
1157546	neomycin / Prednisolone Topical Product
436507	Prednisolone 100 MG/ML Injectable Solution
1184933	Millipred Oral Liquid Product
792956	Prednisolone Oral Suspension
260285	Pred-G (gentamicin sulfate 0.3 % / Prednisolone acetate 0.6 % ) Ophthalmic Ointment
260391	Prednisolone 25 MG/ML Injectable Suspension [Key-Pred]
260397	Prednisolone 50 MG/ML Injectable Suspension [Predacort 50]
260398	Prednisolone 50 MG/ML Injectable Suspension [Predaject-50]
260403	Prednisolone 50 MG/ML Injectable Suspension [Pri-Cortin 50]
803308	Flo-Pred 3 MG/ML Oral Suspension
2645619	Prednisolone sodium phosphate / sulfacetamide sodium Ophthalmic Suspension
2649492	Prednisolone acetate Injectable Solution
2654779	Prednisolone sodium phosphate / sulfacetamide sodium Ophthalmic Solution [Sulster]
1012005	Prednisolone acetate 0.005 MG/MG / sulfacetamide sodium 0.1 MG/MG [Predsulfair]
1012085	Prednisolone sodium phosphate 2.5 MG/ML / sulfacetamide sodium 100 MG/ML [Cetapred]
1012149	Prednisolone sodium phosphate 5 MG/ML
1012151	Prednisolone sodium phosphate 5 MG/ML / sulfacetamide sodium 100 MG/ML [Optimyd]
1012907	Prednisolone acetate 0.005 MG/MG / sulfacetamide sodium 0.1 MG/MG [Medasulf]
219136	Pediapred
1493172	Prednisolone 50 MG/ML [Solu-Delta-Cortef]
1493168	Prednisolone Injectable Solution [Solu-Delta-Cortef]
647127	Orapred 15 MG Disintegrating Oral Tablet
1012015	Prednisolone acetate 0.2 % / sulfacetamide sodium 10 % Ophthalmic Suspension
1012080	Prednisolone acetate 0.25 % / sulfacetamide sodium 10 % Ophthalmic Suspension
1547974	Prednisolone sodium phosphate 0.5 % Ophthalmic Solution
668660	Orapred 30 MG Disintegrating Oral Tablet
1548739	Prednisolone acetate 10 MG/ML Ophthalmic Suspension [Ocu-Pred-A]
1012025	Vasocidin (Prednisolone sodium phosphate 0.25 % / sulfacetamide sodium 10 % ) Ophthalmic Solution
105409	Prednisolone 5 MG Delayed Release Oral Tablet
106994	Prednisolone 0.01 % Ophthalmic Solution
580011	Prednisolone 1.25 MG/ML Ophthalmic Solution [Ocu-Pred]
379264	Prednisolone Disintegrating Oral Tablet
438796	clotrimazole / hexamidine / Prednisolone Topical Cream
1164102	miconazole / polymyxin B / Prednisolone Otic Product
249066	Prednisolone 5 MG/ML Oral Solution
2655258	Prednisolone acetate / sulfacetamide sodium Ophthalmic Ointment [Cetapred]
2656294	gentamicin / Prednisolone acetate Ophthalmic Ointment [Pred-G]
2657175	Prednisolone acetate / sulfacetamide sodium Ophthalmic Suspension [Blephamide]
2657694	Prednisolone sodium phosphate / sulfacetamide sodium Ophthalmic Suspension [AK-Cide]
2658111	Prednisolone acetate Ophthalmic Suspension [Ocu-Pred-A]
2659133	Prednisolone acetate Oral Product
2659927	Prednisolone acetate / sulfacetamide sodium Ophthalmic Product
207638	Poly Pred (Prednisolone 5 MG/ neomycin 3.5 MG/ polymyxin b 10000 UNT) per ML Ophthalmic Suspension
208988	Prednisolone acetate 5 MG Oral Tablet
1012004	Metimyd (Prednisolone acetate 0.5 % / sulfacetamide sodium 10 % ) Ophthalmic Ointment
1012008	Vasocidin (Prednisolone acetate 0.5 % / sulfacetamide sodium 10 % ) Ophthalmic Ointment
1012087	Cetapred (Prednisolone sodium phosphate 0.25 % / sulfacetamide sodium 10 % ) Ophthalmic Suspension
1012177	AK-Cide (Prednisolone sodium phosphate 0.5 % / sulfacetamide sodium 10 % ) Ophthalmic Suspension
209002	Prednisolone 1.2 MG/ML Ophthalmic Suspension [Pred Mild]
1007264	oxyquinoline / Prednisolone
1007726	bisdequalinium / Prednisolone
1008055	Prednisolone / trimeprazine
1008241	Prednisolone / zinc oxide
1008707	bismuth chloride oxide / Prednisolone / zinc oxide
619281	Prednisolone / sulfacetamide Ophthalmic Suspension [Vasocidin]
349801	Prednisolone 50 MG
562661	Prednisolone 40 MG/ML Injectable Suspension
562781	Prednisolone 1.2 MG/ML Ophthalmic Solution
574180	Prednisolone 25 MG/ML [Predcor]
574186	Prednisolone 50 MG/ML [Predaject-50]
574190	Prednisolone 50 MG/ML [Predicort-50]
574193	Prednisolone 20 MG/ML [Hydeltrasol]
574196	Prednisolone 1 MG/ML [Pediapred]
373973	Prednisolone / sulfacetamide Ophthalmic Solution
563538	Prednisolone 5 MG [Predsol]
563539	Prednisolone 20 MG [Predfoam]
564291	Prednisolone 5 MG/ML [Minims Prednisolone]
104172	Prednisolone 0.2 MG/ML Enema [Predsol]
572092	Prednisolone 10 MG/ML [Prednisol]
365617	Prednisolone Injectable Suspension [Predcor]
365621	Prednisolone Injectable Suspension [Predacort 50]
365623	Prednisolone Injectable Suspension [Medicort]
365625	Prednisolone Injectable Suspension [Cotolone]
365809	Prednisolone Ophthalmic Suspension [Ocu-Pred-A]
365822	Prednisolone Ophthalmic Suspension [Pred Forte]
367224	Prednisolone / sulfacetamide Ophthalmic Ointment [AK-Cide]
369438	Prednisolone Oral Tablet [Cotolone]
371385	chloramphenicol / Prednisolone Ophthalmic Solution
373394	phenylephrine / Prednisolone Ophthalmic Suspension
373573	niacinamide / Prednisolone Injectable Solution
373578	Prednisolone Oral Tablet
373581	dibucaine / Prednisolone Rectal Ointment
373974	Prednisolone / sulfacetamide Ophthalmic Suspension
580007	Prednisolone 2 MG/ML / sulfacetamide 100 MG/ML Ophthalmic Ointment
107666	Prednisolone 20 MG Rectal Foam
1153053	chloramphenicol / Prednisolone Ophthalmic Product
1153054	chloramphenicol / Prednisolone Otic Product
385800	Prednisolone Rectal Foam [Predfoam]
1165760	Prednisolone Otic Product
1169772	Flo-Pred Oral Product
1191686	Prednisolone 5 MG Oral Tablet [Prednistab]
251979	phenylephrine 0.8 MG/ML / Prednisolone 1 MG/ML Ophthalmic Suspension
252948	Prednisolone 0.002 MG/MG Ophthalmic Ointment
795097	Millipred 2 MG/ML Oral Solution
199343	Prednisolone 1 MG Oral Tablet
199968	Prednisolone 5 MG/ML Ophthalmic Suspension
211753	Prednisolone 10 MG/ML Ophthalmic Solution [AK-Pred]
211754	Prednisolone 10 MG/ML Ophthalmic Solution [Inflamase Forte]
643123	Prednisolone 10 MG Disintegrating Oral Tablet
643127	Prednisolone 30 MG Disintegrating Oral Tablet
891147	Prednisolone acetate 5 MG/ML
897062	Prednisolone / trimeprazine Oral Tablet [Temaril-P]
1012021	Prednisolone sodium phosphate 0.25 % / sulfacetamide sodium 10 % Ophthalmic Solution
102859	Prednisolone 16 MG/ML Injectable Solution
103223	Prednisolone 5 MG/ML Ophthalmic Solution [Predsol]
1548704	Prednisolone acetate 10 MG/ML [Econopred Plus]
283077	Prednisolone 3 MG/ML Oral Solution
284275	Prelone 1 MG/ML Oral Solution
284516	Orapred 3 MG/ML Oral Solution
285077	Orapred
1161446	fluPrednisolone Pill
446684	neomycin / Prednisolone Topical Cream
451093	Prednisolone 0.001 MG/MG
451127	estradiol / Prednisolone Topical Cream
690161	Prednisolone / sulfacetamide
808116	Prednisolone 5 MG [Millipred]
328310	Prednisolone 10 MG/ML
328809	Prednisolone 1 MG/ML
328812	Prednisolone 2 MG/ML
333209	Prednisolone 1 MG
1296584	Orapred Disintegrating Oral Product
1870660	gentamicin / Prednisolone Ophthalmic Ointment [Pred-G]
1870656	gentamicin / Prednisolone Ophthalmic Ointment
547220	Prednisolone 25 MG/ML [Pricortin]
363691	Prednisolone Ophthalmic Solution [Inflamase Mild]
363768	Prednisolone Ophthalmic Solution [AK-Pred]
363816	Prednisolone Ophthalmic Solution [Ocu-Pred]
364478	Prednisolone Oral Solution [Orapred]
415640	Prednisolone 5 MG/ML / propylene glycol salicylate 1 MG/ML Topical Cream
416566	estradiol 0.05 MG/ML / Prednisolone 4 MG/ML Topical Cream
416681	Prednisolone 0.005 MG/MG Paste
417893	Prednisolone 2.5 MG/ML Topical Cream
418460	oxytetracycline 0.005 MG/MG / Prednisolone 0.0025 MG/MG Topical Ointment
420775	Prednisolone 100 MG Rectal Suppository
421480	BISMUTH CHLORIDE OXIDE 44 MG / Prednisolone 2 MG / ZNO 66 MG Rectal Suppository
422650	Prednisolone 20 MG Enema
428443	dexpanthenol 3 MG/ML / Prednisolone 2 MG/ML / salicylic acid 10 MG/ML Topical Solution
1158660	niacinamide / Prednisolone Injectable Product
436279	Prednisolone 10 MG Oral Tablet
436508	fluPrednisolone 1.5 MG Oral Tablet
1183437	Orapred Oral Liquid Product
1184006	Pediapred Oral Product
1185832	Prelone Oral Product
34376	Prednisolone tebutate
250864	Prednisolone 5 MG Rectal Suppository
250869	Prednisolone 20 MG/ACTUAT Rectal Foam
689325	gentamicin / Prednisolone
693010	neomycin / polymyxin B / Prednisolone
693011	neomycin / Prednisolone
259052	Prednisolone 0.2 % Ophthalmic Suspension
260392	Prednisolone 25 MG/ML Injectable Suspension [Predcor]
260400	Prednisolone 50 MG/ML Injectable Suspension [Predate-50]
260406	Prednisolone 20 MG/ML Injectable Solution [Key-Pred SP]
260409	Pediapred 1 MG/ML Oral Solution
261992	Prednisolone 25 MG/ML Injectable Suspension [Cotolone]
261993	Prednisolone 50 MG/ML Injectable Suspension [Cotolone]
389031	Prednisolone 20 MG/ML Injectable Solution
803306	Prednisolone 3 MG/ML [Flo-Pred]
2646280	atropine sulfate / Prednisolone acetate Ophthalmic Suspension
1011984	Prednisolone acetate 0.002 MG/MG
1011999	Prednisolone acetate 0.005 MG/MG
1012014	Prednisolone acetate 2 MG/ML
1012016	Prednisolone acetate 2 MG/ML / sulfacetamide sodium 100 MG/ML [Blephamide]
1012022	Prednisolone sodium phosphate 2.5 MG/ML / sulfacetamide sodium 100 MG/ML [Sulster]
1012086	Prednisolone / sulfacetamide Ophthalmic Suspension [Cetapred]
1012117	Prednisolone sodium phosphate 2.5 MG/ML / sulfacetamide sodium 100 MG/ML [Supred]
1012187	Prednisolone sodium phosphate 5 MG/ML / sulfacetamide sodium 100 MG/ML [Metimyd]
1012207	Prednisolone Oral Solution [AsmalPred Plus]
225925	Minims Prednisolone
1493167	Prednisolone 10 MG/ML [Solu-Delta-Cortef]
647125	Prednisolone 15 MG [Orapred]
1011985	Prednisolone acetate 0.2 % / sulfacetamide sodium 10 % Ophthalmic Ointment
1012224	Prednisolone acetate 0.5 % / sulfacetamide sodium 10 % Ophthalmic Suspension
312609	Prednisolone 100 MG/ML Injectable Suspension
1012150	Prednisolone sodium phosphate 0.5 % / sulfacetamide sodium 10 % Ophthalmic Solution
668657	Prednisolone 10 MG [Orapred]
668658	Orapred 10 MG Disintegrating Oral Tablet
347155	Prednisolone 1.1 MG/ML Ophthalmic Solution
348428	Prednisolone 50 MG Oral Tablet
351519	Prednisolone 5 MG Oral Tablet [Cotolone]
351703	Prednisolone 1.2 MG/ML Ophthalmic Solution [Ocu-Pred]
409432	Prednisolone 2.5 MG/ML Topical Spray
105410	Prednisolone 5 MG Disintegrating Oral Tablet
1165759	Prednisolone Oral Product
106995	Prednisolone 0.03 % Ophthalmic Solution
376404	neomycin / Prednisolone Topical Ointment
1165180	estradiol / Prednisolone Topical Product
248804	chloramphenicol 2 MG/ML / Prednisolone 5 MG/ML Otic Solution
2656219	Prednisolone sodium phosphate / sulfacetamide sodium Ophthalmic Suspension [Cetapred]
2658288	Prednisolone sodium phosphate / sulfacetamide sodium Ophthalmic Suspension [Metimyd]
2658657	Prednisolone acetate / sulfacetamide sodium Ophthalmic Ointment [Vasocidin]
2659308	Prednisolone acetate Oral Liquid Product
2661078	Prednisolone acetate Ophthalmic Product
2661299	gentamicin / Prednisolone acetate Ophthalmic Product
755936	Prednisolone acetate 3 MG/ML Oral Solution
1011981	Cetapred (Prednisolone acetate 0.25 % / sulfacetamide sodium 10 % ) Ophthalmic Ointment
1012002	AK-Cide (Prednisolone acetate 0.5 % / sulfacetamide sodium 10 % ) Ophthalmic Ointment
1012908	Medasulf (Prednisolone acetate 0.5 % / sulfacetamide sodium 10 % ) Ophthalmic Ointment
1005830	{48 (Prednisolone 5 MG Oral Tablet) } Pack
1007035	dequalinium / polidocanol / Prednisolone
1007257	phenylephrine / Prednisolone
1008236	chloramphenicol / Prednisolone
1008244	Prednisolone / propylene glycol salicylate
1008474	clotrimazole / hexamidine / Prednisolone
1008863	dexpanthenol / Prednisolone / salicylic acid
619279	Prednisolone / sulfacetamide Ophthalmic Ointment [Metimyd]
619303	Prednisolone / sulfacetamide Ophthalmic Solution [Vasocidin]
897063	Temaril-P (Prednisolone 2 MG / trimeprazine tartrate 5 MG) Oral Tablet
311888	neomycin 0.35 % / polymyxin B 10,000 UNT/ML / Prednisolone 0.5 % Ophthalmic Suspension
2646710	Prednisolone sodium phosphate Ophthalmic Solution
92892	Prednisolone Injectable Solution [Hydeltrasol]
562662	Prednisolone 80 MG/ML Injectable Suspension
574179	Prednisolone 25 MG/ML [Key-Pred]
574181	Prednisolone 40 MG/ML [Depo-Predate]
574183	Prednisolone 50 MG/ML [Medicort]
574185	Prednisolone 50 MG/ML [Predacort 50]
574187	Prednisolone 50 MG/ML [Predalone 50]
574194	Prednisolone 20 MG/ML [Key-Pred SP]
574627	Prednisolone 50 MG/ML [Cotolone]
574754	Prednisolone 1 MG/ML [Prelone]
574944	Prednisolone 3 MG/ML [Orapred]
575551	Prednisolone 1.2 MG/ML [Ocu-Pred]
563270	Prednisolone 5 MG/ML [Predsol]
563536	Prednisolone 0.2 MG/ML [Predenema]
563537	Prednisolone 0.2 MG/ML [Predsol]
541543	Prednisolone 1.1 MG/ML [AK-Pred]
569642	Prednisolone 1.2 MG/ML [Pred Mild]
365356	Prednisolone Otic Solution [Predsol]
365598	Prednisolone Injectable Suspension [Hydeltra-T.B.A.]
365614	Prednisolone Injectable Suspension [Depo-Predate]
365821	Prednisolone Ophthalmic Suspension [Econopred]
365835	Prednisolone / sulfacetamide Ophthalmic Suspension [Supred]
365841	Prednisolone / sulfacetamide Ophthalmic Suspension [Blephamide]
367257	Prednisolone / sulfacetamide Ophthalmic Ointment [Vasocidin]
370965	atropine / Prednisolone Ophthalmic Suspension
373568	Prednisolone Injectable Suspension
373576	Prednisolone Ophthalmic Solution
373579	Prednisolone Injectable Solution
108304	Prednisolone 20 MG Rectal Foam [Predfoam]
1153945	dequalinium / polidocanol / Prednisolone Topical Product
385141	Prednisolone Oral Tablet [Prednesol]
385326	Prednisolone Injectable Solution [Codelson]
440699	dequalinium / polidocanol / Prednisolone Topical Gel
440700	Prednisolone 0.004 MG/MG
1165749	Prednisolone / propylene glycol salicylate Topical Product
1165751	Prednisolone / salicylic acid Topical Product
1165754	Prednisolone / trimeprazine Pill
1165755	Prednisolone / zinc oxide Topical Product
1165756	Prednisolone Injectable Product
1191679	Prednisolone 20 MG [Prednistab]
1191683	Prednisolone 20 MG Oral Tablet [Prednistab]
1191685	Prednisolone 5 MG [Prednistab]
199967	Prednisolone 25 MG Oral Tablet
211752	Prednisolone 1.25 MG/ML Ophthalmic Solution [Inflamase Mild]
856820	Prednisolone / sulfacetamide Ophthalmic Ointment [Blephamide]
337411	Prednisolone 25 MG/ML
891149	miconazole nitrate 23 MG / polymyxin B sulfate 0.5293 MG / Prednisolone acetate 5 MG per 1 ML Otic Suspension
891151	miconazole nitrate 23 MG/ML / polymyxin B sulfate 0.5293 MG/ML / Prednisolone acetate 5 MG/ML [Surolan]
891153	Surolan (miconazole nitrate 23 MG / polymyxin B sulfate 0.5293 MG / Prednisolone acetate 5 MG) per ML Otic Suspension
897059	Prednisolone 2 MG / trimeprazine tartrate 5 MG Oral Tablet
316579	Prednisolone 5 MG
755703	Prelone 5 MG/ML Oral Solution
103263	Prednisolone 5 MG/ML Otic Solution [Predsol]
1548723	Prednisolone acetate 10 MG/ML [Pred Forte]
1549314	Prednisolone acetate 1.25 MG/ML
1161445	fluPrednisolone Oral Product
1162267	oxyquinoline / Prednisolone Topical Product
446683	Prednisolone 4 MG/ML
447124	oxytetracycline / Prednisolone Topical Ointment
451092	dexpanthenol / Prednisolone / salicylic acid Topical Solution
451107	Prednisolone / zinc oxide Topical Ointment
451108	Prednisolone Topical Spray
451137	Prednisolone / salicylic acid Topical Solution
451161	Prednisolone 0.01 MG/MG
451837	fluPrednisolone Oral Tablet
452077	menthol / Prednisolone / thymol Rectal Suppository
604204	Prednisolone 1 MG/ML Oral Solution [Bubbli-Pred]
702306	Prednisolone 4 MG/ML Oral Solution
198142	Prednisolone 5 MG Oral Tablet
2662662	miconazole nitrate / polymyxin B sulfate / Prednisolone acetate Otic Product
806539	Prednisolone / sulfacetamide Ophthalmic Solution [Optimyd]
808118	Millipred 5 MG Oral Tablet
328808	Prednisolone 20 MG/ML
328814	Prednisolone 5 MG/ML
328815	Prednisolone 1.2 MG/ML
335529	Prednisolone 2.5 MG
335531	Prednisolone 20 MG/ACTUAT
335532	Prednisolone 100 MG
335535	Prednisolone 1.3 MG
1295508	Prednisolone Disintegrating Oral Product
1870668	gentamicin 3 MG/ML / Prednisolone acetate 10 MG/ML [Pred-G]
1870669	gentamicin / Prednisolone Ophthalmic Suspension [Pred-G]
2649474	gentamicin / Prednisolone acetate Ophthalmic Ointment
2648388	Prednisolone acetate / sulfacetamide sodium Ophthalmic Ointment
353628	Prednisolone 16 MG/ML
547222	Prednisolone 25 MG/ML Injectable Suspension [Pricortin]
542615	Prednisolone 10 MG/ML [Isolone Forte]
542619	Prednisolone 10 MG/ML [Pred-Phosphate]
541544	Prednisolone 1.1 MG/ML Ophthalmic Solution [AK-Pred]
541705	Prednisolone 5 MG Oral Tablet [Prednoral]
363277	Prednisolone Injectable Solution [Predicort RP]
363620	Prednisolone Enema [Predenema]
363667	Prednisolone Ophthalmic Solution [Predsol]
363766	Prednisolone Ophthalmic Solution [Prednisol]
364214	Prednisolone Oral Solution [Prelone]
412642	Prednisolone 8 MG/ML Injectable Suspension
416545	dequalinium 0.003 MG/MG / polidocanol 0.003 MG/MG / Prednisolone 0.005 MG/MG Topical Gel
416577	oxyquinoline 2.5 MG/ML / Prednisolone 2.5 MG/ML Topical Cream
419051	chloramphenicol 0.002 MG/MG / Prednisolone 0.005 MG/MG Topical Ointment
429199	Prednisolone 20 MG Oral Tablet
1156758	Prednisolone Pill
1157539	neomycin / polymyxin B / Prednisolone Ophthalmic Product
436615	Prednisolone 0.5 % Topical Cream
242887	niacinamide 25 MG/ML / Prednisolone 20 MG/ML Injectable Solution
792957	Prednisolone 1 MG/ML Oral Suspension
793099	Prednisolone 3 MG/ML Oral Suspension
1183438	Orapred Oral Product
1184935	Millipred Pill
34374	Prednisolone phosphate
249573	chloramphenicol 2 MG/ML / Prednisolone 5 MG/ML Ophthalmic Suspension
250343	dibucaine 1 MG / Prednisolone 1.3 MG Rectal Suppository
792207	Flo-Pred
260125	Prednisolone 25 MG/ML Injectable Suspension
260127	Prednisolone 50 MG/ML Injectable Suspension
260393	Prednisolone 40 MG/ML Injectable Suspension [Depo-Predate]
260395	Prednisolone 50 MG/ML Injectable Suspension [Medicort]
260396	Prednisolone 50 MG/ML Injectable Suspension [Pred-Ject-50]
260399	Prednisolone 50 MG/ML Injectable Suspension [Predalone 50]
260401	Prednisolone 50 MG/ML Injectable Suspension [Predcor]
260408	Prednisolone acetate 20 MG/ML Injectable Solution
1376335	Prednisolone acetate 10 MG/ML
803307	Prednisolone Oral Suspension [Flo-Pred]
803310	Flo-Pred 1 MG/ML Oral Suspension
2646780	miconazole nitrate / polymyxin B sulfate / Prednisolone acetate Otic Suspension
2654990	Prednisolone acetate / sulfacetamide sodium Ophthalmic Ointment [Metimyd]
55062	Prednisolone sodium phosphate
55063	Prednisolone sodium succinate
1012000	Prednisolone acetate 0.5 % / sulfacetamide sodium 10 % Ophthalmic Ointment
1012003	Prednisolone acetate 0.005 MG/MG / sulfacetamide sodium 0.1 MG/MG [Metimyd]
1012020	Prednisolone sodium phosphate 2.5 MG/ML
1012084	Prednisolone sodium phosphate 0.25 % / sulfacetamide sodium 10 % Ophthalmic Suspension
1012175	Prednisolone sodium phosphate 0.5 % / sulfacetamide sodium 10 % Ophthalmic Suspension
1012206	Prednisolone 3 MG/ML [AsmalPred Plus]
1013114	{21 (Prednisolone 5 MG Oral Tablet) } Pack
219356	Prelone
1548714	Prednisolone acetate 10 MG/ML Ophthalmic Suspension [Omnipred]
731219	Prednisolone Ophthalmic Suspension [Omnipred]
1493173	Prednisolone 50 MG/ML Injectable Solution [Solu-Delta-Cortef]
312604	Prednisolone 2.5 MG/ML Ophthalmic Suspension
1011979	Prednisolone acetate 0.25 % / sulfacetamide sodium 10 % Ophthalmic Ointment
1549315	Prednisolone acetate 0.125 % Ophthalmic Suspension
312614	Prednisolone 1 MG/ML Oral Solution
668659	Prednisolone 30 MG [Orapred]
343660	Prednisolone 50 MG/ML
345880	Prednisolone acetate 20 MG/ML
351159	Prednisolone 25 MG/ML Oral Solution
4497	fluPrednisolone
105407	Prednisolone 5 MG Oral Tablet [Prednesol]
376134	phenylephrine / Prednisolone / sulfacetamide Ophthalmic Suspension
249424	phenylephrine 1.2 MG/ML / Prednisolone 10 MG/ML Ophthalmic Suspension
1235042	Millipred DP 6 Day Dose Pack
268872	Prednisolone sodium metasulphobenzoate
2655335	Prednisolone sodium phosphate / sulfacetamide sodium Ophthalmic Suspension [Supred]
2657145	Prednisolone acetate Ophthalmic Suspension [Econopred Plus]
2657449	gentamicin / Prednisolone acetate Ophthalmic Suspension [Pred-G]
2658423	Prednisolone acetate / sulfacetamide sodium Ophthalmic Ointment [Medasulf]
2658709	miconazole nitrate / polymyxin B sulfate / Prednisolone acetate Otic Suspension [Surolan]
2658713	Prednisolone sodium phosphate / sulfacetamide sodium Ophthalmic Suspension [Vasocidin]
2660054	Prednisolone / trimeprazine tartrate Oral Product
1011987	Blephamide (Prednisolone acetate 0.2 % / sulfacetamide sodium 10 % ) Ophthalmic Ointment
1012188	Metimyd (Prednisolone sodium phosphate 0.5 % / sulfacetamide sodium 10 % ) Ophthalmic Suspension
1012098	Sulster (Prednisolone sodium phosphate 0.25 % / sulfacetamide sodium 10 % ) Ophthalmic Suspension
1549317	Prednisolone acetate 1.25 MG/ML Ophthalmic Suspension [Econopred]
1548724	Prednisolone acetate 10 MG/ML Ophthalmic Suspension [Pred Forte]
824887	Prednisolone 4 MG/ML [Veripred]
824888	Prednisolone Oral Solution [Veripred]
1005831	Millipred DP 12 Day Pack
1007261	Prednisolone / rifamycins
1007263	estradiol / Prednisolone
1007725	idoxuridine / Prednisolone
1008247	niacinamide / Prednisolone
1008864	polidocanol / Prednisolone / promethazine
619278	Prednisolone / sulfacetamide Ophthalmic Ointment [Medasulf]
214105	Prednisolone 20 MG/ML Injectable Suspension [Hydeltra-T.B.A.]
311931	neomycin 5 MG / Prednisolone 5 MG Topical Ointment
349970	Prednisolone 1.1 MG/ML
2645921	Prednisolone acetate Ophthalmic Suspension
2647419	gentamicin / Prednisolone acetate Ophthalmic Suspension
93720	Prednisolone Oral Solution [Pediapred]
562379	Prednisolone 0.12 % Ophthalmic Suspension
562654	Prednisolone 20 MG/ML Injectable Suspension
574189	Prednisolone 50 MG/ML [Predcor]
574192	Prednisolone 80 MG/ML [Depo-Predate]
574195	Prednisolone 20 MG/ML [Predicort RP]
575552	Prednisolone 10 MG/ML [Ocu-Pred Forte]
563254	Prednisolone 16 MG/ML [Codelson]
564053	Prednisolone 5 MG [Prednesol]
541704	Prednisolone Oral Tablet [Prednoral]
104173	Prednisolone 5 MG Rectal Suppository [Predsol]
104174	Prednisolone 20 MG Enema [Predfoam]
573944	Prednisolone 20 MG/ML [Hydeltra-T.B.A.]
365615	Prednisolone Injectable Suspension [Pri-Cortin 50]
365616	Prednisolone Injectable Suspension [Predicort-50]
365622	Prednisolone Injectable Suspension [Pred-Ject-50]
365813	neomycin / polymyxin B / Prednisolone Ophthalmic Suspension [Poly Pred]
365831	Prednisolone Ophthalmic Suspension [Econopred Plus]
365832	Prednisolone Ophthalmic Suspension [Pred Mild]
365836	Prednisolone / sulfacetamide Ophthalmic Suspension [Sulster]
367523	Prednisolone Rectal Suppository [Predsol]
369537	Prednisolone Oral Tablet [Stintisone]
371386	chloramphenicol / Prednisolone Ophthalmic Suspension
373569	Prednisolone Enema
373571	Prednisolone Ophthalmic Suspension
373572	Prednisolone Delayed Release Oral Tablet
373574	Prednisolone Rectal Foam
373575	Prednisolone Oral Solution
373577	Prednisolone Rectal Suppository
373582	dibucaine / Prednisolone Rectal Suppository
1156759	Prednisolone Rectal Product
1153055	chloramphenicol / Prednisolone Topical Product
1154986	atropine / Prednisolone Ophthalmic Product
440702	polidocanol / Prednisolone / promethazine Topical Ointment
1165750	Prednisolone / rifamycins Topical Product
1165753	Prednisolone / trimeprazine Oral Product
1191680	Prednisolone Oral Tablet [Prednistab]
795095	Prednisolone 2 MG/ML [Millipred]
795096	Prednisolone Oral Solution [Millipred]
795094	Millipred
336584	Prednisolone 20 MG
643124	Prednisolone 15 MG
643125	Prednisolone 15 MG Disintegrating Oral Tablet
643126	Prednisolone 30 MG
314165	Prednisolone 10 MG/ML Ophthalmic Solution
