2586862	sirolimus Injection
2586865	sirolimus 100 MG [Fyarro]
2586868	sirolimus 100 MG Injection [Fyarro]
905157	sirolimus 0.5 MG
905158	sirolimus 0.5 MG Oral Tablet
905160	Rapamune 0.5 MG Oral Tablet
349208	sirolimus 1 MG Oral Tablet
375278	sirolimus Oral Solution
2596863	sirolimus Topical Gel
2596864	sirolimus 0.2 % Topical Gel
657797	temsirolimus
368672	sirolimus Oral Tablet [Rapamune]
1724306	temsirolimus Injection [Torisel]
1724308	temsirolimus 25 MG/ML Injection
314230	sirolimus 1 MG/ML Oral Solution
1158759	sirolimus Pill
258355	Rapamune
404432	Rapamune 2 MG Oral Tablet
2596861	sirolimus 0.002 MG/MG
350512	sirolimus 1 MG
575733	sirolimus 1 MG [Rapamune]
1177701	Rapamune Oral Liquid Product
1177702	Rapamune Oral Product
725108	1.2 ML temsirolimus 25 MG/ML Injection [Torisel]
1724309	temsirolimus 25 MG/ML Injection [Torisel]
360110	sirolimus 2 MG Oral Tablet
1161488	temsirolimus Injectable Product
2586863	sirolimus 100 MG Injection
333296	sirolimus 1 MG/ML
364904	sirolimus Oral Solution [Rapamune]
1158757	sirolimus Oral Liquid Product
1158758	sirolimus Oral Product
35302	sirolimus
722287	temsirolimus 25 MG/ML
378277	sirolimus Oral Tablet
2596866	sirolimus 0.002 MG/MG [Hyftor]
2596869	sirolimus 0.002 MG/MG Topical Gel [Hyftor]
725106	temsirolimus 25 MG/ML [Torisel]
2586860	sirolimus 100 MG
2586861	sirolimus Injectable Product
2586867	sirolimus Injection [Fyarro]
1724304	temsirolimus Injection
2596862	sirolimus Topical Product
905159	sirolimus 0.5 MG [Rapamune]
722289	1.2 ML temsirolimus 25 MG/ML Injection
351901	Rapamune 1 MG/ML Oral Solution
351989	Rapamune 1 MG Oral Tablet
2596868	sirolimus Topical Gel [Hyftor]
575659	sirolimus 1 MG/ML [Rapamune]
576390	sirolimus 2 MG [Rapamune]
1177703	Rapamune Pill
360318	sirolimus 2 MG
